{
	"format_version": "1.12.0",
	"minecraft:geometry": [
		{
			"description": {
				"identifier": "geometry.leaderboard",
				"texture_width": 64,
				"texture_height": 64,
				"visible_bounds_width": 2,
				"visible_bounds_height": 1.5,
				"visible_bounds_offset": [0, 0.25, 0]
			},
			"bones": [
				{
					"name": "bb_main",
					"pivot": [0, 0, 0],
					"cubes": [
						{"origin": [-8, 0, -5], "size": [16, 2, 9], "uv": [0, 0]},
						{"origin": [-1, 1, -1], "size": [2, 2, 2], "uv": [0, 0]},
						{"origin": [-2, 3, -2], "size": [4, 1, 4], "uv": [0, 11]}
					]
				}
			]
		}
	]
}